{
    "$schema": "https://schema.management.azure.com/schemas/2015-01-01/deploymentTemplate.json#",
    "contentVersion": "1.0.0.0",
    "parameters": {
        "TrafficManagerName": {
            "type": "String",
			"metadata": {
                "description": "Provide the name of Traffic manager."
            }
        },
		"Endpoint1_Name": {
            "type": "String",
			"metadata": {
                "description": "Provide the endpoint1 name."
            }
        },
        "Endpoint1_ID": {
            "type": "String",
			"metadata": {
                "description": "Provide the resource Id of 1st webapp created."
            }
        },
		"Endpoint1_Location": {
            "type": "String",
			"metadata": {
                "description": "Location of the 1st webapp."
            }
        },
		"Endpoint2_Name": {
            "type": "String",
			"metadata": {
                "description": "Provide the endpoint2 name."
            }
        },
        "Endpoint2_ID": {
            "type": "String",
			"metadata": {
                "description": "Provide the resource Id of 2nd webapp created."
            }
        },
		"Endpoint2_Location": {
            "type": "String",
			"metadata": {
                "description": "Location of the 2nd webapp."
            }
        }
    },
    "variables": {},
    "resources": [
        {
            "type": "Microsoft.Network/trafficManagerProfiles",
            "apiVersion": "2018-04-01",
            "name": "[parameters('TrafficManagerName')]",
            "location": "global",
            "tags": {
                "Product": "TrafficManager",
                "Organization": "AbhiOrg",
                "Application": "AbhiApp",
                "BillingId": "AbhiBill1"
            },
            "properties": {
                "profileStatus": "Enabled",
                "trafficRoutingMethod": "Performance",
                "dnsConfig": {
                    "relativeName": "[parameters('TrafficManagerName')]",
                    "ttl": 60
                },
                "monitorConfig": {
                    "protocol": "HTTP",
                    "port": 80,
                    "path": "/",
                    "intervalInSeconds": 30,
                    "toleratedNumberOfFailures": 3,
                    "timeoutInSeconds": 10
                },
                "endpoints": [
                    {
                        "id": "[concat(resourceId('Microsoft.Network/trafficManagerProfiles', parameters('TrafficManagerName')), '/azureEndpoints/', parameters('Endpoint1_Name'))]",
                        "name": "[parameters('Endpoint1_Name')]",
                        "type": "Microsoft.Network/trafficManagerProfiles/azureEndpoints",
                        "properties": {
                            "endpointStatus": "Enabled",
                            "targetResourceId": "[parameters('Endpoint1_ID')]",
                            "target": "[concat(parameters('Endpoint1_Name'), '.azurewebsites.net')]",
                            "weight": 1,
                            "priority": 2,
                            "endpointLocation": "[parameters('Endpoint1_Location')]"
                        }
                    },
                    {
                        "id": "[concat(resourceId('Microsoft.Network/trafficManagerProfiles', parameters('TrafficManagerName')), '/azureEndpoints/', parameters('Endpoint2_Name'))]",
                        "name": "[parameters('Endpoint2_Name')]",
                        "type": "Microsoft.Network/trafficManagerProfiles/azureEndpoints",
                        "properties": {
                            "endpointStatus": "Enabled",
                            "targetResourceId": "[parameters('Endpoint2_ID')]",
                            "target": "[concat(parameters('Endpoint2_Name'), '.azurewebsites.net')]",
                            "weight": 1,
                            "priority": 3,
                            "endpointLocation": "[parameters('Endpoint2_Location')]"
                        }
                    }
                ],
                "trafficViewEnrollmentStatus": "Disabled",
                "maxReturn": 0
            }
        }
    ]
}