{
    "$schema": "https://schema.management.azure.com/schemas/2015-01-01/deploymentTemplate.json#",
    "contentVersion": "1.0.0.0",
    "parameters": {
        "ASP_Name": {
            "type": "String",
			"metadata": {
                "description": "Provide the App service plan name."
            }
        }
    },
    "variables": {},
    "resources": [
        {
            "type": "Microsoft.Web/serverfarms",
            "apiVersion": "2016-09-01",
            "name": "[parameters('ASP_Name')]",
            "location": "West Europe",
            "tags": {
                "Product": "AbhiWebApp",
                "Organization": "AbhiOrg",
                "Application": "AbhiApp",
                "BillingId": "AbhiBill1"
            },
            "sku": {
                "name": "S1",
                "tier": "Standard",
                "size": "S1",
                "family": "S",
                "capacity": 1
            },
            "kind": "app",
            "properties": {
                "name": "[parameters('ASP_Name')]",
                "perSiteScaling": false,
                "reserved": false,
                "targetWorkerCount": 0,
                "targetWorkerSizeId": 0
            }
        }
    ]
}