{
	"$schema": "https://schema.management.azure.com/schemas/2015-01-01/deploymentTemplate.json#",
	"contentVersion": "1.0.0.0",
	"parameters": {
		"VnetName": {
			"type": "String",
			"metadata": {
                "description": "Provide the name of Vnet."
            }
		},
		"location": {
			"type": "String",
			"metadata": {
                "description": "Location for the virtual network."
            }
		},
		"VnetaddressPrefixes": {
			"type": "String",
			"metadata": {
                "description": "CIDR for Vnet."
            }
		},
		"Subnet1Name": {
			"type": "String",
			"metadata": {
                "description": "Name of 1st subnet."
            }
		},
		"Subnet1Prefix": {
			"type": "String",
			"metadata": {
                "description": "CIDR for 1st subnet."
            }
		},
		"Subnet2Name": {
			"type": "String",
			"metadata": {
                "description": "Name of 2nd subnet."
            }
		},
		"Subnet2Prefix": {
			"type": "String",
			"metadata": {
                "description": "CIDR for 2nd subnet."
            }
		}
	},
	"variables": {},
	"resources": [
		{
			"type": "Microsoft.Network/virtualNetworks",
			"apiVersion": "2019-04-01",
			"name": "[parameters('VnetName')]",
			"location": "[parameters('location')]",
			"tags": {
				"Product": "Abhi-Vnet",
				"Organization": "AbhiOrg",
				"Application": "AbhiApp",
				"BillingId": "AbhiBill1"
			},
			"properties": {
				"addressSpace": {
					"addressPrefixes": [
						"[parameters('VnetaddressPrefixes')]"
					]
				},
				"subnets": [
					{
						"name": "[parameters('Subnet1Name')]",
						"properties": {
							"addressPrefix": "[parameters('Subnet1Prefix')]",
							"serviceEndpoints": [
								{
									"provisioningState": "Succeeded",
									"service": "Microsoft.Storage",
									"locations": [
										"westeurope",
										"northeurope"
									]
								},
								{
									"service": "Microsoft.KeyVault",
									"locations": [
										"*"
									]
								}
							],
							"delegations": []
						}
					},
					{
						"name": "[parameters('Subnet2Name')]",
						"properties": {
							"addressPrefix": "[parameters('Subnet2Prefix')]",
							"serviceEndpoints": [
								{
									"service": "Microsoft.AzureActiveDirectory",
									"locations": [
										"*"
									]
								},
								{
									"service": "Microsoft.KeyVault",
									"locations": [
										"*"
									]
								},
								{
									"service": "Microsoft.Storage",
									"locations": [
										"westeurope",
										"northeurope"
									]
								},
								{
									"service": "Microsoft.Web",
									"locations": [
										"*"
									]
								}
							],
							"delegations": []
						}
					}
				],
				"virtualNetworkPeerings": [],
				"enableDdosProtection": false,
				"enableVmProtection": false
			}
		},
		{
			"type": "Microsoft.Network/virtualNetworks/subnets",
			"apiVersion": "2019-04-01",
			"name": "[concat(parameters('VnetName'),'/', parameters('Subnet1Name'))]",
			"dependsOn": [
				"[resourceId('Microsoft.Network/virtualNetworks', parameters('VnetName'))]"
			],
			"properties": {
				"addressPrefix": "[parameters('Subnet1Prefix')]",
				"serviceEndpoints": [
					{
						"service": "Microsoft.Storage",
						"locations": [
							"westeurope",
							"northeurope"
						]
					},
					{
						"service": "Microsoft.KeyVault",
						"locations": [
							"*"
						]
					}
				],
				"delegations": []
			}
		},
		{
			"type": "Microsoft.Network/virtualNetworks/subnets",
			"apiVersion": "2019-04-01",
			"name": "[concat(parameters('VnetName'),'/', parameters('Subnet2Name'))]",
			"dependsOn": [
				"[resourceId('Microsoft.Network/virtualNetworks', parameters('VnetName'))]"
			],
			"properties": {
				"addressPrefix": "[parameters('Subnet2Prefix')]",
				"serviceEndpoints": [
					{
						"service": "Microsoft.AzureActiveDirectory",
						"locations": [
							"*"
						]
					},
					{
						"service": "Microsoft.KeyVault",
						"locations": [
							"*"
						]
					},
					{
						"service": "Microsoft.Storage",
						"locations": [
							"westeurope",
							"northeurope"
						]
					},
					{
						"service": "Microsoft.Web",
						"locations": [
							"*"
						]
					}
				],
				"delegations": []
			},
			"resources": [
         {
           "type": "providers/locks",
           "name": "[concat('/Microsoft.Authorization/', parameters('VnetName'), 'Lock')]",
           "apiVersion": "2017-04-01",
           "dependsOn": [
             "[parameters('VnetName')]"
           ],
           "properties": {
             "level": "CannotDelete",
             "notes": "Do not delete!"
           }
         }
       ]
				
		}
	]
}