{
    "$schema": "https://schema.management.azure.com/schemas/2015-01-01/deploymentTemplate.json#",
    "contentVersion": "1.0.0.0",
    "parameters": {
        "WebApp_Name": {
            "type": "String",
			"metadata": {
                "description": "Name of webapp"
            }
        },
        "ASP_Id": {
            "type": "String",
			"metadata": {
                "description": "Provide resourceId of app service plan."
            }
        },
        "Vnet_Id": {
            "type": "String",
			"metadata": {
                "description": "Provide resourceId of Vnet created."
            }
        },
		"location": {
            "type": "String",
			"metadata": {
                "description": "Provide location for webapp."
            }
        },
		"Subnet": {
			"type": "String",
			"metadata": {
                "description": "Provide subnet name where the webapp need to be created."
            }
		}
    },
    "variables": {},
    "resources": [
        {
            "type": "Microsoft.Web/sites",
            "apiVersion": "2016-08-01",
            "name": "[parameters('WebApp_Name')]",
            "location": "[parameters('location')]",
            "tags": {
                "Product": "AbhiWebApp",
                "Organization": "AbhiOrg",
                "Application": "AbhiApp",
                "BillingId": "AbhiBill1"
            },
            "kind": "app",
            "properties": {
                "enabled": true,
                "hostNameSslStates": [
                    {
                        "name": "[concat(parameters('WebApp_Name'),'.azurewebsites.net')]",
                        "sslState": "Disabled",
                        "hostType": "Standard"
                    },
                    {
                        "name": "[concat(parameters('WebApp_Name'),'scm.azurewebsites.net')]",
                        "sslState": "Disabled",
                        "hostType": "Repository"
                    }
                ],
                "serverFarmId": "[parameters('ASP_Id')]",
                "reserved": false,
                "scmSiteAlsoStopped": false,
                "clientAffinityEnabled": true,
                "clientCertEnabled": false,
                "hostNamesDisabled": false,
                "containerSize": 0,
                "dailyMemoryTimeQuota": 0,
                "httpsOnly": false
            }
        },
        {
            "type": "Microsoft.Web/sites/config",
            "apiVersion": "2016-08-01",
            "name": "[concat(parameters('WebApp_Name'), '/web')]",
            "location": "[parameters('location')]",
            "dependsOn": [
                "[resourceId('Microsoft.Web/sites', parameters('WebApp_Name'))]"
            ],
            "tags": {
                "Product": "AbhiWebApp",
                "Organization": "AbhiOrg",
                "Application": "AbhiApp",
                "BillingId": "AbhiBill1"
            },
            "properties": {
                "numberOfWorkers": 1,
                "defaultDocuments": [
                    "Default.htm",
                    "Default.html",
                    "Default.asp",
                    "index.htm",
                    "index.html",
                    "iisstart.htm",
                    "default.aspx",
                    "index.php",
                    "hostingstart.html"
                ],
                "netFrameworkVersion": "v4.0",
                "phpVersion": "5.6",
                "pythonVersion": "",
                "nodeVersion": "",
                "linuxFxVersion": "",
                "requestTracingEnabled": false,
                "remoteDebuggingEnabled": false,
                "httpLoggingEnabled": false,
                "logsDirectorySizeLimit": 35,
                "detailedErrorLoggingEnabled": false,
                "publishingUsername": "$Abhishek-Webapp",
                "scmType": "None",
                "use32BitWorkerProcess": true,
                "webSocketsEnabled": false,
                "alwaysOn": true,
                "appCommandLine": "",
                "managedPipelineMode": "Integrated",
                "virtualApplications": [
                    {
                        "virtualPath": "/",
                        "physicalPath": "site\\wwwroot",
                        "preloadEnabled": true,
                        "virtualDirectories": null
                    }
                ],
                "winAuthAdminState": 0,
                "winAuthTenantState": 0,
                "customAppPoolIdentityAdminState": false,
                "customAppPoolIdentityTenantState": false,
                "loadBalancing": "LeastRequests",
                "routingRules": [],
                "experiments": {
                    "rampUpRules": []
                },
                "autoHealEnabled": false,
                "vnetName": "b3c9591c-8674-4901-a257-b1cc4363aef7_Abhi-Subnet1",
                "siteAuthEnabled": false,
                "siteAuthSettings": {
                    "enabled": null,
                    "unauthenticatedClientAction": null,
                    "tokenStoreEnabled": null,
                    "allowedExternalRedirectUrls": null,
                    "defaultProvider": null,
                    "clientId": null,
                    "clientSecret": null,
                    "clientSecretCertificateThumbprint": null,
                    "issuer": null,
                    "allowedAudiences": null,
                    "additionalLoginParams": null,
                    "isAadAutoProvisioned": false,
                    "googleClientId": null,
                    "googleClientSecret": null,
                    "googleOAuthScopes": null,
                    "facebookAppId": null,
                    "facebookAppSecret": null,
                    "facebookOAuthScopes": null,
                    "twitterConsumerKey": null,
                    "twitterConsumerSecret": null,
                    "microsoftAccountClientId": null,
                    "microsoftAccountClientSecret": null,
                    "microsoftAccountOAuthScopes": null
                },
                "localMySqlEnabled": false,
                "http20Enabled": false,
                "minTlsVersion": "1.2",
                "ftpsState": "AllAllowed",
                "reservedInstanceCount": 0
            }
        },
        {
            "type": "Microsoft.Web/sites/hostNameBindings",
            "apiVersion": "2016-08-01",
            "name": "[concat(parameters('WebApp_Name'), '/', parameters('WebApp_Name'), '.azurewebsites.net')]",
            "location": "West Europe",
            "dependsOn": [
                "[resourceId('Microsoft.Web/sites', parameters('WebApp_Name'))]"
            ],
            "properties": {
                "siteName": "[parameters('WebApp_Name')]",
                "hostNameType": "Verified"
            }
        },
        {
            "type": "Microsoft.Web/sites/virtualNetworkConnections",
            "apiVersion": "2016-08-01",
            "name": "[concat(parameters('WebApp_Name'), '/b3c9591c-8674-4901-a257-b1cc4363aef7_Abhi-Subnet1')]",
            "location": "West Europe",
            "dependsOn": [
                "[resourceId('Microsoft.Web/sites', parameters('WebApp_Name'))]"
            ],
            "properties": {
                "vnetResourceId": "[concat(parameters('Vnet_Id'), '/subnets/', parameters('subnet'))]",
                "certThumbprint": null,
                "certBlob": null,
                "routes": null,
                "resyncRequired": false,
                "dnsServers": null,
                "isSwift": true
            }
        }
    ]
}