{
    "$schema": "https://schema.management.azure.com/schemas/2015-01-01/deploymentTemplate.json#",
    "contentVersion": "1.0.0.0",
    "parameters": {
        "KeyVault_Name": {
            "type": "String",
			"metadata": {
                "description": "Provide the name of keyvault."
            }
        },
        "location": {
            "type": "String",
			"metadata": {
                "description": "Location for the keyvault."
            }
        }
    },
    "variables": {},
    "resources": [
        {
            "type": "Microsoft.KeyVault/vaults",
            "apiVersion": "2016-10-01",
            "name": "[parameters('KeyVault_Name')]",
            "location": "[parameters('location')]",
            "tags": {
                "Product": "Abhi-KV",
                "Organization": "AbhiOrg",
                "Application": "AbhiApp",
                "BillingId": "AbhiBill1"
            },
            "properties": {
                "sku": {
                    "family": "A",
                    "name": "Standard"
                },
                "tenantId": "bb49e819-2fbb-4db2-bf5f-04778a053dc6",
                "accessPolicies": [
                    {
                        "tenantId": "bb49e819-2fbb-4db2-bf5f-04778a053dc6",
                        "objectId": "07838ada-7d33-48f4-a400-d987709fff4f",
                        "permissions": {
                            "keys": [
                                "Get",
                                "List",
                                "Update",
                                "Create",
                                "Import",
                                "Delete",
                                "Recover",
                                "Backup",
                                "Restore"
                            ],
                            "secrets": [
                                "Get",
                                "List",
                                "Set",
                                "Delete",
                                "Recover",
                                "Backup",
                                "Restore"
                            ],
                            "certificates": [
                                "Get",
                                "List",
                                "Update",
                                "Create",
                                "Import",
                                "Delete",
                                "Recover",
                                "Backup",
                                "Restore",
                                "ManageContacts",
                                "ManageIssuers",
                                "GetIssuers",
                                "ListIssuers",
                                "SetIssuers",
                                "DeleteIssuers"
                            ]
                        }
                    }
                ],
                "enabledForDeployment": false,
                "enabledForDiskEncryption": false,
                "enabledForTemplateDeployment": false
            }
        },
        {
            "type": "Microsoft.KeyVault/vaults/secrets",
            "apiVersion": "2016-10-01",
            "name": "[concat(parameters('KeyVault_Name'), '/AbhiSecret')]",
            "location": "[parameters('location')]",
            "dependsOn": [
                "[resourceId('Microsoft.KeyVault/vaults', parameters('KeyVault_Name'))]"
            ],
            "properties": {
                "attributes": {
                    "enabled": true
                }
            }
        }
    ]
}